{"stats":{"minecraft:killed_by":{"minecraft:zombie":1},"minecraft:mined":{"minecraft:grass":5,"minecraft:sugar_cane":4},"minecraft:picked_up":{"minecraft:sugar_cane":4,"minecraft:wheat_seeds":3,"minecraft:dirt":18},"minecraft:custom":{"minecraft:jump":136,"minecraft:time_since_rest":88,"minecraft:leave_game":1,"minecraft:damage_dealt":95,"minecraft:deaths":1,"minecraft:damage_taken":225,"minecraft:sprint_one_cm":17595,"minecraft:play_time":5191,"minecraft:walk_on_water_one_cm":516,"minecraft:time_since_death":34,"minecraft:walk_one_cm":10156,"minecraft:total_world_time":5191,"minecraft:fall_one_cm":3251,"minecraft:fly_one_cm":33258}},"DataVersion":3465}