{"stats":{"minecraft:mined":{"minecraft:grass_block":1,"minecraft:dead_bush":1,"minecraft:oak_leaves":1},"minecraft:custom":{"minecraft:jump":76,"minecraft:time_since_rest":15383,"minecraft:damage_dealt":10,"minecraft:leave_game":2,"minecraft:crouch_one_cm":620,"minecraft:play_time":15383,"minecraft:sprint_one_cm":9533,"minecraft:damage_taken":30,"minecraft:time_since_death":15383,"minecraft:walk_one_cm":11685,"minecraft:sneak_time":104,"minecraft:total_world_time":15383,"minecraft:fall_one_cm":1215,"minecraft:fly_one_cm":86356,"minecraft:aviate_one_cm":1662776},"minecraft:used":{"minecraft:elytra":1,"minecraft:spyglass":11,"minecraft:firework_rocket":29},"minecraft:picked_up":{"minecraft:armadillo_scute":1,"minecraft:stick":1,"minecraft:dirt":1}},"DataVersion":3839}